tract,population,ca,ca_pop,tract_pop_proport
17031061100,448,6,42891,0.010445081718775501
17031830800,1164,4,16991,0.06850685657112589
17031030800,1869,77,21394,0.08736094232027672
17031280100,3073,28,24753,0.12414656809275644
17031090100,1569,9,7184,0.218402004454343
17031291600,305,29,15705,0.01942056669850366
17031010702,1454,1,18966,0.07666350311082991
17031836400,1667,36,3113,0.5354963058143271
17031032100,2835,3,22358,0.12680025046963056
17031120200,2012,12,11826,0.17013360392355825
17031390600,900,39,8613,0.1044932079414838
17031080400,1952,8,44014,0.04434952515108829
17031250700,2834,25,44880,0.06314616755793226
17031070700,1425,7,28647,0.04974342863127029
17031841000,591,33,11108,0.05320489737126395
17031740100,1291,74,7650,0.16875816993464052
17031191000,687,19,22514,0.030514346628764323
17031062700,1162,6,42891,0.027091930708073954
17031170200,1489,17,16506,0.09020962074397189
17031500300,718,50,3840,0.18697916666666667
17031170700,1163,17,16506,0.07045922694777657
17031200402,1239,20,7592,0.16319810326659642
17031580100,866,58,10883,0.07957364697234219
17031230800,457,23,20365,0.022440461576233733
17031230400,780,23,20365,0.038301006629020376
17031836600,1155,23,20365,0.05671495212374171
17031390200,901,39,8613,0.10460931150586324
17031600700,857,60,11308,0.07578705341351255
17031670100,726,67,16129,0.04501209002418005
17031060800,2287,6,42891,0.0533212095777669
17031031000,1742,3,22358,0.07791394579121567
17031191301,1428,19,22514,0.0634272008528027
17031805600,2011,9,7184,0.27992761692650336
17031063303,833,6,42891,0.019421323820848196
17031838000,1229,28,24753,0.04965054740839494
17031251800,2314,25,44880,0.05155971479500891
17031600900,1357,60,11308,0.12000353731871241
17031221100,1879,22,29254,0.06423053257674165
17031530502,924,53,14663,0.06301575393848462
17031660302,1482,66,19319,0.07671204513691185
17031843900,1832,42,12194,0.15023782187961293
17031140601,757,14,14263,0.053074388277361
17031390100,591,39,8613,0.06861720654824104
17031020901,1463,2,22962,0.06371396219841477
17031061000,722,6,42891,0.01683336830570516
17031710600,931,71,24558,0.037910253277954234
17031420800,1170,42,12194,0.09594882729211088
17031420600,1108,42,12194,0.09086435952107594
17031062500,632,6,42891,0.014735025996129724
17031100700,2154,10,19095,0.11280439905734485
17031510200,1522,51,7045,0.21603974449964514
17031191200,910,19,22514,0.04041929466109976
17031833300,770,28,24753,0.031107340524380883
17031841900,1589,28,24753,0.06419423908213145
17031170300,2009,17,16506,0.12171331636980492
17031120300,2811,12,11826,0.23769660071029933
17031580600,1318,58,10883,0.12110631259762933
17031834600,1239,68,13284,0.09327009936766034
17031520600,1087,52,7840,0.13864795918367348
17031520400,1209,52,7840,0.1542091836734694
17031200401,1071,20,7592,0.1410695468914647
17031730700,1164,73,14261,0.0816212046841035
17031260100,845,26,8398,0.10061919504643962
17031671100,538,67,16129,0.033356066712133425
17031271800,453,27,9266,0.04888840923807468
17031630100,299,63,9475,0.031556728232189975
17031030701,591,77,21394,0.027624567635785736
17031081000,3322,8,44014,0.07547598491389103
17031660600,2312,66,19319,0.11967493141466949
17031720400,812,72,9657,0.08408408408408409
17031140200,1239,14,14263,0.08686812031129496
17031350400,584,35,8480,0.06886792452830189
17031430200,2330,43,24231,0.09615781437002187
17031431302,1887,43,24231,0.07787544880524948
17031460400,1822,46,13298,0.13701308467438714
17031040202,2273,4,16991,0.1337767053145783
17031430400,1307,43,24231,0.0539391688333127
17031040401,1418,4,16991,0.08345594726619976
17031831400,1240,25,44880,0.027629233511586453
17031570200,628,57,3896,0.16119096509240247
17031836500,674,36,3113,0.21651140379055572
17031291200,1028,29,15705,0.06545686087233366
17031140100,858,14,14263,0.06015564747949239
17031660301,517,66,19319,0.026761219524820124
17031843500,275,30,15726,0.017486964263003942
17031611200,670,61,12807,0.052315140157726245
17031300600,820,30,15726,0.052142947984229936
17031711100,1672,71,24558,0.06808372017265249
17031051400,842,5,14463,0.058217520569729654
17031081700,1585,8,44014,0.03601126914163675
17031190402,1734,19,22514,0.07701874389268899
17031340400,504,34,4289,0.11750990906971322
17031071700,740,7,28647,0.025831675219045624
17031100600,2039,10,19095,0.10678188007331763
17031710200,2283,71,24558,0.09296359638407037
17031491100,2316,49,22197,0.1043384241113664
17031770902,1545,76,10300,0.15
17031200100,1455,20,7592,0.1916491043203372
17031110400,1819,11,10726,0.1695879172105165
17031260500,804,26,8398,0.0957370802572041
17031550200,1130,55,3637,0.3106956282650536
17031320400,773,32,15029,0.05143389447069
17031490901,1970,49,22197,0.08875073208091183
17031440101,2266,44,16965,0.13356911287945772
17031050700,673,5,14463,0.04653253128673166
17031050800,548,5,14463,0.03788978773421835
17031835600,493,37,1358,0.3630338733431517
17031611800,779,61,12807,0.06082611072069962
17031835100,1510,63,9475,0.15936675461741426
17031010202,917,1,18966,0.04834967837182326
17031310200,541,31,10688,0.05061751497005988
17031301801,993,30,15726,0.06314383822968332
17031221600,1262,22,29254,0.04313939974020647
17031020801,1866,2,22962,0.08126469819702116
17031040700,1460,4,16991,0.08592784415278677
17031831800,2058,13,6403,0.32141183820084335
17031070200,1682,7,28647,0.05871469961950641
17031062100,1349,6,42891,0.03145181972908069
17031461000,656,46,13298,0.04933072642502632
17031842600,1582,61,12807,0.12352619661122824
17031711500,1313,71,24558,0.053465265901132014
17031671600,1019,67,16129,0.06317812635625271
17031691100,1432,69,15818,0.09052977620432419
17031640500,1432,64,8704,0.1645220588235294
17031242000,1900,24,35052,0.054205180874129864
17031710900,1058,71,24558,0.04308168417623585
17031681200,1168,68,13284,0.08792532369768143
17031241100,1463,24,35052,0.04173798927307999
17031830900,1254,22,29254,0.042865932863881864
17031838600,646,29,15705,0.041133397007322506
17031252201,1424,25,44880,0.031729055258467025
17031260900,710,26,8398,0.08454393903310312
17031670200,602,67,16129,0.0373240746481493
17031670400,928,67,16129,0.057536115072230144
17031310500,474,31,10688,0.04434880239520958
17031063400,913,6,42891,0.021286516984915252
17031150800,1894,15,23644,0.08010488918964642
17031150501,1489,15,23644,0.0629758078159364
17031661000,2592,66,19319,0.13416843521921423
17031031100,1957,3,22358,0.0875301905358261
17031080201,1904,8,44014,0.04325896305720907
17031700302,2013,70,16316,0.1233758274086786
17031600400,1249,60,11308,0.11045277679518925
17031640300,2483,64,8704,0.28527113970588236
17031051300,1147,5,14463,0.07930581483786213
17031841200,1480,31,10688,0.13847305389221556
17031060100,1221,6,42891,0.028467510666573406
17031611700,642,61,12807,0.05012883579292574
17031222900,374,22,29254,0.012784576468175293
17031220602,2040,22,29254,0.06973405346277432
17031670900,583,67,16129,0.03614607229214459
17031823304,2445,75,13774,0.1775083490634529
17031560400,522,56,13660,0.03821376281112738
17031241600,1325,24,35052,0.037800981399064244
17031160200,1291,16,19181,0.06730618841561962
17031711300,787,71,24558,0.032046583598012865
17031841600,428,29,15705,0.02725246736708055
17031160900,1012,16,19181,0.05276054428861895
17031010100,1975,1,18966,0.10413371296003375
17031160501,1212,16,19181,0.06318752932589541
17031140500,1143,14,14263,0.0801374184954077
17031381400,831,38,11594,0.07167500431257547
17031630400,1603,63,9475,0.1691820580474934
17031830700,1327,3,22358,0.05935235709813042
17031140701,787,14,14263,0.05517773259482577
17031560100,409,56,13660,0.029941434846266473
17031711000,1752,71,24558,0.07134131443928658
17031070103,798,7,28647,0.02785632003351136
17031240500,1172,24,35052,0.03343603788656853
17031340500,610,34,4289,0.142224294707391
17031080202,1911,8,44014,0.04341800336256645
17031770500,575,76,10300,0.055825242718446605
17031071500,3079,7,28647,0.10748071351275876
17031221000,964,22,29254,0.032952758597114926
17031251500,2066,25,44880,0.046033868092691624
17031252000,2505,25,44880,0.055815508021390375
17031070500,1302,7,28647,0.04544978531783433
17031835000,2092,66,19319,0.10828717842538434
17031251900,2413,25,44880,0.05376559714795009
17031561000,2216,56,13660,0.16222547584187408
17031630800,1676,63,9475,0.17688654353562006
17031040402,2159,4,16991,0.12706727090812783
17031190300,1845,19,22514,0.08194900950519676
17031151002,1478,15,23644,0.06251057350702081
17031730300,597,73,14261,0.041862421990042774
17031620300,1980,62,5222,0.3791650708540789
17031570100,383,57,3896,0.09830595482546202
17031540102,1396,54,3130,0.4460063897763578
17031390500,753,39,8613,0.08742598397770812
17031410100,830,41,11097,0.07479498963683878
17031681400,1438,68,13284,0.10825052694971395
17031030103,493,77,21394,0.0230438440684304
17031310700,476,31,10688,0.04453592814371257
17031220702,1343,22,29254,0.0459082518629931
17031440102,1647,44,16965,0.09708222811671087
17031160400,1762,16,19181,0.09186173817840572
17031070101,1898,7,28647,0.06625475616993054
17031081300,2983,8,44014,0.06777389012586904
17031280800,494,28,24753,0.019957176907849553
17031720600,840,72,9657,0.08698353525939732
17031310800,1329,31,10688,0.12434505988023951
17031843000,1169,29,15705,0.07443489334606813
17031835900,1569,38,11594,0.13532861825081938
17031110100,2251,11,10726,0.20986388215550997
17031020200,2438,2,22962,0.10617542025955927
17031242900,768,24,35052,0.021910304690174597
17031560800,2264,56,13660,0.16573938506588579
17031282700,926,28,24753,0.037409606916333375
17031420700,1546,42,12194,0.12678366409709693
17031062800,1441,6,42891,0.033596791867757804
17031561100,2304,56,13660,0.1686676427525622
17031710700,1781,71,24558,0.07252219236094144
17031611900,732,61,12807,0.057156242679784496
17031490600,857,49,22197,0.03860882101184845
17031838800,1357,51,7045,0.19261887863733143
17031831200,1580,20,7592,0.20811380400421498
17031490700,1630,49,22197,0.07343334684867324
17031301100,583,30,15726,0.03707236423756836
17031200300,589,20,7592,0.07758166491043203
17031380700,628,38,11594,0.054165947904088324
17031410700,822,41,11097,0.07407407407407407
17031530300,2392,53,14663,0.16313169201391256
17031061901,1526,6,42891,0.03557855960457905
17031770800,2026,76,10300,0.1966990291262136
17031060300,1261,6,42891,0.029400107248606935
17031050600,1055,5,14463,0.07294475558321234
17031020400,1471,2,22962,0.06406236390558313
17031832600,1744,7,28647,0.06087897511083185
17031220400,1112,22,29254,0.03801189580912012
17031520300,2202,52,7840,0.2808673469387755
17031730400,2025,73,14261,0.14199565247878831
17031841300,1369,31,10688,0.1280875748502994
17031837800,1111,28,24753,0.044883448470892415
17031310600,1749,31,10688,0.16364146706586827
17031283100,954,28,24753,0.03854078293540177
17031031400,2462,3,22358,0.11011718400572502
17031340300,585,34,4289,0.13639543017020284
17031170100,902,17,16506,0.054646795104810374
17031151001,942,15,23644,0.03984097445440704
17031250200,1083,25,44880,0.02413101604278075
17031460200,824,46,13298,0.06196420514363062
17031630300,1177,63,9475,0.12422163588390502
17031500200,993,50,3840,0.25859375
17031610800,604,61,12807,0.0471617084406965
17031081402,2268,8,44014,0.051529058935793154
17031031900,1096,3,22358,0.04902048483764201
17031220601,708,22,29254,0.02420181855472756
17031411200,711,41,11097,0.0640713706407137
17031831600,2490,18,4807,0.5179945912211359
17031140800,2340,14,14263,0.164060856762252
17031071800,1193,7,28647,0.04164484937340734
17031740200,2391,74,7650,0.31254901960784315
17031130200,626,13,6403,0.09776667187255973
17031440900,1481,44,16965,0.08729737695254937
17031230700,1944,23,20365,0.0954578934446354
17031020702,2086,2,22962,0.09084574514415121
17031710400,2902,71,24558,0.11816923202215164
17031020601,1694,2,22962,0.07377406149290132
17031620200,637,62,5222,0.12198391420911528
17031020802,1739,2,22962,0.07573382109572337
17031170800,1437,17,16506,0.08705925118138859
17031301200,980,30,15726,0.06231718173725041
17031242700,751,24,35052,0.021425310966563964
17031300700,1167,30,15726,0.07420831743609309
17031490300,1145,49,22197,0.05158354732621526
17031160100,958,16,19181,0.0499452583285543
17031400400,932,40,5444,0.17119764878765614
17031421200,658,42,12194,0.0539609644087256
17031340600,425,34,4289,0.09909069713219865
17031210400,910,21,12916,0.07045524930318985
17031980000,17,76,10300,0.0016504854368932038
17031241400,2135,24,35052,0.06090950587698277
17031840100,875,60,11308,0.07737884683409975
17031010503,795,1,18966,0.04191711483707687
17031520500,1717,52,7840,0.21900510204081633
17031030603,772,77,21394,0.036084883612227725
17031060400,1473,6,42891,0.03434286913338463
17031832300,826,22,29254,0.028235454980515485
17031720500,959,72,9657,0.09930620275447861
17031840000,1055,60,11308,0.0932967810399717
17031301600,1017,30,15726,0.06466997329263639
17031750200,1601,75,13774,0.11623348337447365
17031580400,1236,58,10883,0.11357162547091794
17031590700,847,59,4827,0.17547130723016366
17031670600,729,67,16129,0.04519809039618079
17031381800,615,38,11594,0.053044678281869935
17031560200,854,56,13660,0.06251830161054173
17031230300,276,23,20365,0.013552663884114902
17031160800,1795,16,19181,0.09358219070955633
17031580700,1526,58,10883,0.14021868969953138
17031161300,1381,16,19181,0.07199833168239403
17031630500,1409,63,9475,0.14870712401055408
17031660700,1021,66,19319,0.05284952637300067
17031831900,1312,6,42891,0.03058916789069968
17031510300,2979,51,7045,0.42285308729595456
17031010300,2438,1,18966,0.12854581883370242
17031221300,1346,22,29254,0.046010801941614825
17031831000,1033,22,29254,0.03531141040541464
17031222600,668,22,29254,0.022834484173104533
17031081202,1889,8,44014,0.042918162402871815
17031241200,761,24,35052,0.021710601392217276
17031480500,1857,48,7845,0.2367112810707457
17031550100,2507,55,3637,0.6893043717349464
17031843700,957,5,14463,0.0661688446380419
17031030706,1374,77,21394,0.0642236140974105
17031661100,2211,66,19319,0.11444691754231585
17031833900,915,46,13298,0.06880733944954129
17031711200,2796,71,24558,0.11385291961886147
17031161000,762,16,19181,0.03972681299202336
17031260300,712,26,8398,0.08478209097404144
17031062900,1642,6,42891,0.03828308969247628
17031040800,750,4,16991,0.04414101583191101
17031842300,1249,24,35052,0.03563277416409905
17031063200,3268,6,42891,0.07619314075213915
17031242400,1306,24,35052,0.037258929590322946
17031221200,1302,22,29254,0.04450673412182949
17031063000,1342,6,42891,0.03128861532722482
17031839100,3000,32,15029,0.1996140794464036
17031210602,1493,21,12916,0.11559306286776092
17031670300,640,67,16129,0.03968007936015872
17031660500,1528,66,19319,0.0790931207619442
17031030200,2500,77,21394,0.11685519304477891
17031190701,762,19,22514,0.03384560717775606
17031031502,1446,3,22358,0.06467483674747294
17031260800,1103,26,8398,0.13134079542748273
17031292200,1345,29,15705,0.08564151544094238
17031611400,859,61,12807,0.06707269462012962
17031430600,1012,43,24231,0.04176468160620692
17031500100,2129,50,3840,0.5544270833333333
17031470100,1413,47,1413,1
17031681000,1525,68,13284,0.1147997591087022
17031808100,1866,12,11826,0.15778792491121257
17031570500,687,57,3896,0.1763347022587269
17031821402,1755,NA,1755,1
17031491300,1281,49,22197,0.05771050141911069
17031242500,1380,24,35052,0.03937007874015748
17031841500,1310,29,15705,0.08341292581980261
17031831700,910,15,23644,0.03848756555574353
17031151100,1769,15,23644,0.07481813567924209
17031831500,1272,19,22514,0.056498178910899886
17031110300,2228,11,10726,0.20771955994779043
17031430800,898,43,24231,0.03705996450827453
17031530600,1608,53,14663,0.10966377958125895
17031835700,146,38,11594,0.01259272037260652
17031061902,2158,6,42891,0.050313585600708775
17031190800,1884,19,22514,0.08368126499067247
17031243400,1115,24,35052,0.03180988246034463
17031530200,2400,53,14663,0.1636772829571029
17031839900,1737,60,11308,0.1536080650866643
17031250800,1177,25,44880,0.026225490196078432
17031031700,2535,3,22358,0.11338223454691833
17031010501,1682,1,18966,0.08868501529051988
17031051200,642,5,14463,0.04438913088570836
17031051100,624,5,14463,0.04314457581414644
17031600600,912,60,11308,0.08065086664308455
17031839800,968,60,11308,0.08560311284046693
17031691500,933,69,15818,0.05898343659122519
17031832900,667,28,24753,0.026946228739950714
17031671200,672,67,16129,0.04166408332816666
17031071100,1114,7,28647,0.03888714350542814
17031160601,1249,16,19181,0.06511652155779156
17031140400,2338,14,14263,0.16392063380775432
17031301701,895,30,15726,0.05691212005595828
17031460100,1558,46,13298,0.11716047525943751
17031530501,2536,53,14663,0.17295232899133875
17031491400,1444,49,22197,0.06505383610397801
17031640800,534,64,8704,0.06135110294117647
17031660800,2174,66,19319,0.11253170453957244
17031140301,646,14,14263,0.04529201430274136
17031750600,1957,75,13774,0.1420792798025265
17031220300,929,22,29254,0.03175634101319478
17031281900,2357,28,24753,0.09522078131943602
17031030702,897,77,21394,0.04192764326446667
17031320600,2081,32,15029,0.13846563310932197
17031839000,3770,32,15029,0.2508483598376472
17031062000,1085,6,42891,0.025296682287659415
17031243000,947,24,35052,0.027017003309368938
17031031300,2807,3,22358,0.1255479023168441
17031251100,2095,25,44880,0.04668003565062388
17031730100,1432,73,14261,0.1004137157282098
17031190401,1400,19,22514,0.062183530247845786
17031100500,2681,10,19095,0.14040324692327835
17031570300,1756,57,3896,0.45071868583162217
17031220901,1047,22,29254,0.035789977438982705
17031410600,964,41,11097,0.0868703253131477
17031580502,1232,58,10883,0.11320407975741983
17031160502,1136,16,19181,0.05922527501173036
17031431301,1632,43,24231,0.06735173950724278
17031690300,1027,69,15818,0.06492603363257049
17031671500,1457,67,16129,0.09033418066836134
17031836800,1186,27,9266,0.12799481977120655
17031170600,1068,17,16506,0.06470374409305707
17031081100,1685,8,44014,0.03828327350388513
17031051000,647,5,14463,0.04473484062780889
17031030500,2490,77,21394,0.11638777227259979
17031062400,723,6,42891,0.016856683220255998
17031380200,1180,38,11594,0.10177678109366914
17031750400,1374,75,13774,0.09975315812400175
17031010701,1278,1,18966,0.06738373932299906
17031440202,1959,44,16965,0.11547303271441202
17031310900,1355,31,10688,0.12677769461077845
17031243100,954,24,35052,0.02721670660732626
17031834500,692,40,5444,0.12711241734019105
17031400800,1234,40,5444,0.2266715650257164
17031770700,1013,76,10300,0.0983495145631068
17031650302,1213,65,9939,0.12204447127477613
17031050100,1162,5,14463,0.08034294406416373
17031251600,1741,25,44880,0.03879233511586453
17031161100,787,16,19181,0.04103018612168292
17031842400,1723,44,16965,0.10156203949307398
17031610400,405,61,12807,0.03162333099086437
17031120400,1453,12,11826,0.12286487400642651
17031670700,676,67,16129,0.04191208382416765
17031351500,230,35,8480,0.027122641509433963
17031381700,2,38,11594,1.7250301880282904e-4
17031242100,1634,24,35052,0.04661645555175168
17031830600,1476,1,18966,0.07782347358430876
17031730202,1655,73,14261,0.11605076782834303
17031480200,696,48,7845,0.08871892925430211
17031842900,1153,28,24753,0.04658021249949501
17031310300,619,31,10688,0.05791541916167665
17031290900,1983,29,15705,0.1262655205348615
17031836700,1094,23,20365,0.05371961698993371
17031282800,603,28,24753,0.024360683553508667
17031834000,1463,49,22197,0.06590980763166193
17031560900,2089,56,13660,0.15292825768667642
17031420400,719,42,12194,0.05896342463506642
17031110501,1936,11,10726,0.18049599104978556
17031681300,1166,68,13284,0.08777476663655526
17031191302,1250,19,22514,0.055521009149862306
17031840800,735,30,15726,0.04673788630293781
17031010600,2235,1,18966,0.11784245491932932
17031670500,544,67,16129,0.033728067456134915
17031210501,1156,21,12916,0.08950139362031588
17031836900,616,27,9266,0.06647960284912584
17031280400,628,28,24753,0.02537066214196259
17031242600,2403,24,35052,0.06855528928449162
17031410200,373,41,11097,0.03361268811390466
17031760803,1556,76,10300,0.15106796116504853
17031839500,717,35,8480,0.08455188679245283
17031250500,3266,25,44880,0.07277183600713012
17031730500,2395,73,14261,0.16794053712923357
17031700501,3502,70,16316,0.21463594018141702
17031250300,2026,25,44880,0.04514260249554367
17031030601,1071,77,21394,0.05006076470038329
17031430500,1835,43,24231,0.07572943749742066
17031050300,1110,5,14463,0.0767475627463182
17031130300,1644,13,6403,0.25675464625956584
17031390300,1211,39,8613,0.14060141646348542
17031680500,706,68,13284,0.05314664257753689
17031030104,740,77,21394,0.034589137141254556
17031240600,551,24,35052,0.01571950245349766
17031222700,803,22,29254,0.027449237711082246
17031420300,728,42,12194,0.05970149253731343
17031450300,1963,45,5602,0.35041056765440914
17031080100,3492,8,44014,0.07933839232971328
17031080300,2332,8,44014,0.05298314172763212
17031031200,1760,3,22358,0.07871902674657841
17031030101,1565,77,21394,0.0731513508460316
17031150401,1847,15,23644,0.07811706986973439
17031430101,2000,43,24231,0.0825388964549544
17031061200,724,6,42891,0.016879998134806836
17031030900,1271,77,21394,0.059409180143965595
17031300500,755,30,15726,0.04800966552206537
17031841100,2165,34,4289,0.5047796689204943
17031280900,651,28,24753,0.0262998424433402
17031837000,950,27,9266,0.10252536153680121
17031840200,743,60,11308,0.06570569508312699
17031150600,1490,15,23644,0.063018101844019625
17031240800,665,24,35052,0.018971813305945454
17031836100,875,40,5444,0.1607274063188832
17031431400,2973,43,24231,0.12269406958028971
17031720300,1778,72,9657,0.184115149632391
17031740400,1983,74,7650,0.2592156862745098
17031160700,2174,16,19181,0.11334132735519524
17031760802,1038,76,10300,0.10077669902912621
17031832000,643,6,42891,0.014991490056188944
17031640100,420,64,8704,0.04825367647058824
17031270500,656,27,9266,0.07079646017699115
17031110502,1337,11,10726,0.12465038224874138
17031843800,848,61,12807,0.066213789333958
17031640700,1106,64,8704,0.12706801470588236
17031691000,1397,69,15818,0.08831710709318498
17031710100,471,71,24558,0.01917908624480821
17031430102,1446,43,24231,0.059675622136932026
17031380500,217,38,11594,0.01871657754010695
17031650200,2083,65,9939,0.20957842841332125
17031410900,1627,41,11097,0.14661620257727315
17031411000,1578,41,11097,0.14220059475533928
17031260600,1038,26,8398,0.12360085734698738
17031380100,1174,38,11594,0.10125927203726065
17031031501,1583,3,22358,0.07080239735217819
17031410500,1168,41,11097,0.10525367216364784
17031160300,1359,16,19181,0.07085136332829363
17031100400,1351,10,19095,0.07075150562974601
17031242800,585,24,35052,0.016689489900718932
17031530100,877,53,14663,0.059810407147241354
17031301802,790,30,15726,0.0502352791555386
17031671300,1126,67,16129,0.06981213962427925
17031670800,840,67,16129,0.05208010416020832
17031580501,1139,58,10883,0.10465864191858862
17031351400,651,35,8480,0.0767688679245283
17031050200,2334,5,14463,0.16137730761252853
17031050500,2123,5,14463,0.14678835649588606
17031843600,1499,38,11594,0.12929101259272038
17031640400,1321,64,8704,0.15176930147058823
17031832200,1336,22,29254,0.045668968346209066
17031831100,2389,21,12916,0.184964385258594
17031691300,1299,69,15818,0.0821216335819952
17031242300,1505,24,35052,0.04293620906082392
17031330200,1733,33,11108,0.15601368383147282
17031560300,1092,56,13660,0.07994143484626647
17031843200,797,31,10688,0.07456961077844311
17031240900,480,24,35052,0.013693940431359124
17031283200,582,28,24753,0.02351230153920737
17031710500,2177,71,24558,0.0886472839807802
17031680900,1889,68,13284,0.14220114423366456
17031830500,1200,30,15726,0.07630675314765356
17031090300,648,9,7184,0.09020044543429843
17031650400,1961,65,9939,0.19730355166515745
17031150402,1499,15,23644,0.06339874809676874
17031834900,1015,67,16129,0.06293012586025172
17031260400,600,26,8398,0.0714455822814956
17031020301,2132,2,22962,0.09284905496036931
17031490500,1039,49,22197,0.04680812722439969
17031839600,952,35,8480,0.11226415094339623
17031251700,590,25,44880,0.013146167557932263
17031040900,940,4,16991,0.05532340650932847
17031611000,424,61,12807,0.033106894666979
17031840300,1237,59,4827,0.2562668324010773
17031081800,4119,8,44014,0.09358385968101059
17031760801,1106,76,10300,0.10737864077669904
17031241000,884,24,35052,0.025219673627753052
17031070102,1280,7,28647,0.04468181659510594
17031834800,995,68,13284,0.074902137910268
17031834400,1827,42,12194,0.14982778415614237
17031750100,2252,75,13774,0.16349644257296356
17031490800,2114,49,22197,0.09523809523809523
17031063301,1305,6,42891,0.030425963488843813
17031283800,1504,28,24753,0.06076031188138811
17031490400,598,49,22197,0.02694057755552552
17031440600,1169,44,16965,0.06890657235484822
17031807900,1822,12,11826,0.15406730931845086
17031081900,487,8,44014,0.01106466124414959
17031460500,3073,46,13298,0.231087381561137
17031700402,1692,70,16316,0.10370188771757784
17031839700,1555,60,11308,0.13751326494517155
17031681100,1633,68,13284,0.12292984040951521
17031220902,1081,22,29254,0.036952211663362274
17031210100,1530,21,12916,0.11845772685041808
17031832400,1316,22,29254,0.044985301155397554
17031062200,1269,6,42891,0.029586626565013638
17031231200,2286,23,20365,0.11225141173582126
17031252202,2236,25,44880,0.04982174688057041
17031351100,1003,35,8480,0.11827830188679245
17031460600,487,46,13298,0.03662204842833509
17031836200,261,41,11097,0.023519870235198703
17031271500,672,27,9266,0.07252320310813727
17031837300,1086,27,9266,0.11720267645154328
17031081201,2474,8,44014,0.05620938792202481
17031230900,2113,23,20365,0.10375644488092316
17031063302,2007,6,42891,0.04679303350353221
17031330100,8784,33,11108,0.7907814187972633
17031400500,1021,40,5444,0.1875459221160911
17031720100,1542,72,9657,0.15967691829760794
17031031800,808,3,22358,0.03613918955183827
17031350100,792,35,8480,0.09339622641509433
17031580200,887,58,10883,0.0815032619682073
17031650100,1290,65,9939,0.12979172955025656
17031691200,1255,69,15818,0.0793399924137059
17031650301,1789,65,9939,0.17999798772512327
17031700401,2330,70,16316,0.14280460897278746
17031020602,1317,2,22962,0.05735563104259211
17031260200,536,26,8398,0.0638247201714694
17031381900,553,38,11594,0.047697084698982234
17031130100,2075,13,6403,0.3240668436670311
17031838300,753,8,44014,0.01710819284773027
17031730600,1882,73,14261,0.13196830516794053
17031837400,984,27,9266,0.10619469026548672
17031062300,708,6,42891,0.016506959501993424
17031440201,2581,44,16965,0.15213675213675212
17031251300,2271,25,44880,0.05060160427807486
17031222500,565,22,29254,0.019313598140425242
17031231100,483,23,20365,0.02371716179720108
17031190702,1253,19,22514,0.055654259571821976
17031221400,1216,22,29254,0.04156696520133999
17031840700,878,30,15726,0.05583110771969986
17031843100,816,29,15705,0.05195797516714422
17031611300,785,61,12807,0.06129460451315687
17031241500,1274,24,35052,0.03634600022823234
17031100200,2946,10,19095,0.15428122545168893
17031390700,2884,39,8613,0.3348426796702659
17031710300,719,71,24558,0.02927762847137389
17031351000,1714,35,8480,0.20212264150943396
17031750500,3002,75,13774,0.2179468563961086
17031251400,2023,25,44880,0.045075757575757575
17031150700,1699,15,23644,0.07185755371341566
17031070400,1352,7,28647,0.047195168778580654
17031190200,1868,19,22514,0.08297059607355424
17031750300,1143,75,13774,0.08298243066647307
17031840400,1068,59,4827,0.22125543816034804
17031835200,646,56,13660,0.0472913616398243
17031560700,1264,56,13660,0.09253294289897511
17031020500,1747,2,22962,0.07608222280289173
17031170900,595,17,16506,0.03604749787955895
17031222200,847,22,29254,0.028953305530867574
17031831300,419,25,44880,0.009336007130124778
17031271200,562,27,9266,0.06065184545650766
17031081500,2379,8,44014,0.054050983777888854
17031010400,1518,1,18966,0.08003796267004112
17031150200,2845,15,23644,0.12032650989680257
17031100100,2249,10,19095,0.11777952343545431
17031480400,3260,48,7845,0.41555130656469086
17031221500,1198,22,29254,0.04095166472960963
17031252102,3003,25,44880,0.06691176470588235
17031640600,1408,64,8704,0.16176470588235295
17031834200,2377,43,24231,0.0980974784367133
17031300800,929,30,15726,0.059074144728475136
17031842000,497,35,8480,0.05860849056603774
17031230500,1045,23,20365,0.05131352811195679
17031620100,1295,62,5222,0.2479892761394102
17031411100,1011,41,11097,0.09110570424439038
17031420100,741,42,12194,0.060767590618336885
17031171000,2744,17,16506,0.1662425784563189
17031090200,2956,9,7184,0.41146993318485525
17031020302,1711,2,22962,0.07451441512063409
17031020100,1337,2,22962,0.058226635310513024
17031050900,599,5,14463,0.04141602710364378
17031381200,1001,38,11594,0.08633776091081594
17031611600,549,61,12807,0.04286718200983837
17031832500,1431,7,28647,0.04995287464655985
17031430300,1081,43,24231,0.04461227353390285
17031190900,681,19,22514,0.030247845784844987
17031063100,1042,6,42891,0.024294140961973375
17031832100,1283,6,42891,0.029913035368725374
17031040201,2755,4,16991,0.1621446648225531
17031061800,498,6,42891,0.011610827446317409
17031210700,1541,21,12916,0.11930938371012698
17031100300,3236,10,19095,0.16946844723749674
17031310400,499,31,10688,0.04668787425149701
17031190602,1536,19,22514,0.0682242160433508
17031842100,2630,23,20365,0.1291431377363123
17031740300,1985,74,7650,0.25947712418300656
17031440300,2531,44,16965,0.14918950781019746
17031150502,1495,15,23644,0.0632295719844358
17031030400,1004,77,21394,0.04692904552678321
17031700502,1464,70,16316,0.08972787447903897
17031611100,630,61,12807,0.049191848208011243
17031672000,1952,67,16129,0.1210242420484841
17031610300,1098,61,12807,0.08573436401967674
17031251200,2073,25,44880,0.04618983957219251
17031030300,1079,77,21394,0.05043470131812658
17031020701,714,2,22962,0.031094852364776587
17031540101,1734,54,3130,0.5539936102236421
17031252101,727,25,44880,0.01619875222816399
17031680600,590,68,13284,0.044414333032219214
17031612000,716,61,12807,0.05590692589989849
17031271300,535,27,9266,0.05773796676019857
17031081401,1491,8,44014,0.03387558504112328
17031081403,3707,8,44014,0.08422320170854727
17031081600,1692,8,44014,0.03844231380924251
17031834300,3639,45,5602,0.6495894323455909
17031690900,2222,69,15818,0.1404728789986092
17031400300,690,40,5444,0.12674504041146217
17031061500,873,6,42891,0.020353920402881722
17031230200,689,23,20365,0.03383255585563467
17031410800,1082,41,11097,0.0975038298639272
17031510100,1187,51,7045,0.16848828956706885
17031836000,1163,38,11594,0.10031050543384509
17031530503,2787,53,14663,0.19007024483393575
17031838100,747,28,24753,0.03017816022300327
17031191100,2088,19,22514,0.09274229368393
17031440700,790,44,16965,0.046566460359563806
17031030604,1148,77,21394,0.05365990464616247
17031611500,880,61,12807,0.06871242289372999
17031062600,922,6,42891,0.021496351215872792
17031843300,531,29,15705,0.033810888252149
17031210900,1185,21,12916,0.09174667079591205
17031420500,1122,42,12194,0.09201246514679351
17031671900,583,67,16129,0.03614607229214459
17031360200,772,36,3113,0.24799229039511725
17031243300,1025,24,35052,0.029242268629464795
17031842200,1589,8,44014,0.03610214931612669
17031140302,1193,14,14263,0.08364299235784899
17031240200,668,24,35052,0.019057400433641448
17031071000,1240,7,28647,0.04328550982650888
17031440800,818,44,16965,0.04821691718243443
17031720700,1821,72,9657,0.18856787822305063
17031420200,743,42,12194,0.06093160570772511
17031836300,670,41,11097,0.06037667838154456
17031242200,1691,24,35052,0.04824261097797558
17031151200,1369,15,23644,0.05790052444594823
17031150300,2918,15,23644,0.1234139739468787
17031430900,858,43,24231,0.03540918657917544
17031250600,2108,25,44880,0.04696969696969697
17031230600,2137,23,20365,0.10493493739258532
17031700301,1944,70,16316,0.11914684971806816
17031620400,1310,62,5222,0.25086173879739565
17031480300,773,48,7845,0.09853409815168897
17031691400,1813,69,15818,0.114616259957011
17031570400,442,57,3896,0.11344969199178645
17031580300,669,58,10883,0.061472020582559954
17031140702,1626,14,14263,0.11400126200659048
17031843400,558,29,15705,0.03553008595988539
17031292400,1000,29,15705,0.06367398917542184
17031630900,1301,63,9475,0.13730870712401055
17031835500,865,37,1358,0.6369661266568483
17031222800,371,22,29254,0.012682026389553566
17031060900,3223,6,42891,0.07514396959735142
17031320100,5405,32,15029,0.3596380331359372
17031841800,1357,69,15818,0.08578834239474017
17031040300,1257,4,16991,0.07398034253428286
17031700200,2033,70,16316,0.12460161804363815
17031839200,1340,35,8480,0.1580188679245283
17031071600,839,7,28647,0.02928753447132335
17031841400,752,29,15705,0.047882839859917224
17031660900,1889,66,19319,0.09777938816708939
17031261000,1161,26,8398,0.13824720171469398
17031170400,1557,17,16506,0.09432933478735006
17031630200,500,63,9475,0.052770448548812667
17031431200,1590,43,24231,0.06561842268168874
17031480100,1259,48,7845,0.16048438495857234
17031520200,1071,52,7840,0.13660714285714284
17031010201,2099,1,18966,0.11067172835600549
17031660400,1501,66,19319,0.07769553289507738
17031810400,2439,10,19095,0.12772977219167322
17031590600,1075,59,4827,0.22270561425315932
17031700100,1338,70,16316,0.08200539347879382
17031834700,935,68,13284,0.07038542607648299
17031190100,711,19,22514,0.03158035000444168
17031842500,975,69,15818,0.06163863952459224
17031030703,1170,77,21394,0.05468823034495653
17031271400,651,27,9266,0.07025685301100798
17031060200,977,6,42891,0.022778671516168893
17031842800,1565,58,10883,0.14380226040613803
17031580800,445,58,10883,0.040889460626665444
17031020902,1247,2,22962,0.054307116104868915
17031491200,1291,49,22197,0.05816101274947065
17031671800,660,67,16129,0.04092008184016368
17031260700,889,26,8398,0.10585853774708263
17031231500,2651,23,20365,0.1301743186840167
17031210800,347,21,12916,0.026865902756271293
17031841700,613,30,15726,0.038980033066259696
17031292500,1811,29,15705,0.11531359439668895
17031071300,1651,7,28647,0.057632561873843684
17031301702,871,30,15726,0.05538598499300521
17031690500,452,69,15818,0.02857504109242635
17031071400,2252,7,28647,0.07861207107201452
17031120100,1862,12,11826,0.15744968713005242
17031390400,1373,39,8613,0.15941019389295252
17031040600,1156,4,16991,0.06803601906891885
17031838200,426,28,24753,0.017210035147254877
17031030102,1360,77,21394,0.06356922501635973
17031490902,2731,49,22197,0.12303464432130468
17031210601,934,21,12916,0.07231340972437288
17031071200,905,7,28647,0.0315914406395085
17031837100,915,27,9266,0.09874811137491905
17031838700,2023,29,15705,0.12881248010187837
17031710800,2597,71,24558,0.10574965388060917
17031070600,1255,7,28647,0.04380912486473278
17031730201,3111,73,14261,0.2181473949933385
17031210502,1431,21,12916,0.1107928151130381
17031200200,1658,20,7592,0.2183877766069547
17031110200,1155,11,10726,0.10768226738765617
17031460700,985,46,13298,0.07407128891562641
17031460302,1603,46,13298,0.12054444277334937
17031220500,1295,22,29254,0.044267450605045465
17031180100,2317,18,4807,0.48200540877886416
17031835800,782,38,11594,0.06744868035190615
17031381500,234,38,11594,0.020182853199931
17031430700,1005,43,24231,0.04147579546861459
17031060500,619,6,42891,0.014431932106968828
17031770602,1424,76,10300,0.138252427184466
17031040100,1659,4,16991,0.09763992702018716
17031160602,1315,16,19181,0.0685574266200928
17031833100,3482,28,24753,0.14066981779986265
17031010502,1099,1,18966,0.05794579774333017
17031491000,2318,49,22197,0.1044285263774384
17031720200,1905,72,9657,0.19726623174899036
17031190601,1205,19,22514,0.05352225282046726
17031650500,1603,65,9939,0.16128383137136532
17031711400,1319,71,24558,0.05370958547112957
17031833000,1807,28,24753,0.07300125237344968
17031243200,892,24,35052,0.025447905968275706
17031250400,2747,25,44880,0.061207664884135475
17031170500,2055,17,16506,0.12450018175209016
17031690400,1656,69,15818,0.10469085851561512
17031241300,792,24,35052,0.022595001711742554
17031460301,1375,46,13298,0.10339900736952926
17031171100,1487,17,16506,0.09008845268387253
17031240300,624,24,35052,0.01780212256076686
17031243500,1532,24,35052,0.04370649321008787
17031251000,499,25,44880,0.011118538324420677
17031070300,1467,7,28647,0.0512095507382972
17031520100,554,52,7840,0.07066326530612245
17031220701,1139,22,29254,0.038934846516715665
17031140602,1336,14,14263,0.09366893360443104
17031301803,1145,30,15726,0.07280936029505278
17031530400,1139,53,14663,0.07767851053672509
17031671400,839,67,16129,0.052018104036208074
17031300900,1080,30,15726,0.0686760778328882
17031590500,600,59,4827,0.12430080795525171
17031230100,625,23,20365,0.030689909157868893
17031612100,604,61,12807,0.0471617084406965
17031161200,988,16,19181,0.05150930608414577
17031240700,621,24,35052,0.017716535433070866
